title,description,category,tags,prep_minutes,cook_minutes,servings,calories,source_url,source_name,hero_image_url,ingredients,instructions,notes,favorite
Banana Protein Baked Oats,Blended oats that bake up like a warm slice of banana bread.,Breakfast,Healthy|High Protein|Quick,10,25,2,410,,,,"1 | cup | rolled oats
2 |  | ripe bananas | one for the batter, one sliced on top
2 |  | eggs
0.5 | cup | Greek yogurt | plain
1 | tsp | ground cinnamon
 |  | salt | to taste","Heat the oven to 350F / 175C and butter a small dish.
Blend the oats on their own until they look like coarse flour.
Add everything else and blend until smooth.
Bake until the centre is set. | 25",Bakes well the night before; reheat covered for 40 seconds.,yes
Mediterranean Chickpea Salad,Sturdy enough to dress an hour ahead and still be good.,Lunch,Mediterranean|Vegetarian|Meal Prep,15,,4,320,https://example.com/chickpea-salad,Example Kitchen,,"2 |  | cans chickpeas | 14 oz each, drained
1 |  | English cucumber | diced
1 | pint | cherry tomatoes | halved
4 | oz | feta | crumbled
3 | tbsp | olive oil
2 | tbsp | red wine vinegar","Whisk the oil and vinegar in the bottom of a large bowl.
Add the chickpeas and toss so they take most of the dressing.
Fold in everything else and let it sit before serving. | 15",,no
Rosemary Lemonade,"Rosemary syrup, a lot of lemon, and cold water.",Drinks,Summer|Quick,10,10,6,110,,,,"1 | cup | granulated sugar
1 | cup | water
4 | sprigs | rosemary
1 | cup | lemon juice | about 6 lemons
4 | cups | cold water","Simmer the sugar, water and rosemary until the sugar dissolves.
Steep off the heat, then strain. | 20
Combine with the lemon juice and cold water, and chill.","Sharper than most lemonade, which is the point.",no
